{
  "calibrated_lr": {
    "rich": 0.01,
    "B1": 0.003,
    "B2": 0.003
  },
  "rich_max_median_acc": 0.70849609375,
  "b1_max_median_acc": 0.51953125,
  "b2_max_median_acc": 1.0,
  "recon_bar": 0.531,
  "rich_min_width": {
    "model": "rich",
    "d_model": 32,
    "d_state": 16,
    "params": 3802,
    "median_acc": 0.6025390625,
    "min_acc": 0.57373046875,
    "max_acc": 0.6455078125
  },
  "b1_min_width": null,
  "A1": {
    "config": {
      "d_model": 32,
      "d_state": 16
    },
    "normal_median": 0.6025390625,
    "normal": [
      0.6455078125,
      0.57373046875,
      0.6025390625
    ],
    "ablated_median": 0.13037109375,
    "ablated": [
      0.126953125,
      0.146484375,
      0.13037109375
    ],
    "delta_median": 0.47216796875,
    "alphas": [
      [
        0.9105187058448792,
        0.7088388800621033,
        0.9355188012123108,
        0.9522695541381836,
        0.9555533528327942,
        0.9786978363990784,
        0.9533286094665527,
        0.9521615505218506,
        0.9856970310211182,
        0.9779858589172363,
        0.9884369969367981,
        0.9914515614509583,
        0.9646921753883362,
        0.9903968572616577,
        0.9917256832122803,
        0.9926257729530334
      ],
      [
        0.7696995735168457,
        0.8223930597305298,
        0.8722501993179321,
        0.7538873553276062,
        0.7929325699806213,
        0.9370670914649963,
        0.9458487033843994,
        0.9470139741897583,
        0.9152770042419434,
        0.9927064776420593,
        0.9308860301971436,
        0.9896747469902039,
        0.991854190826416,
        0.9934183359146118,
        0.9916127920150757,
        0.9934624433517456
      ],
      [
        0.7988603711128235,
        0.7284801602363586,
        0.9459298253059387,
        0.777984619140625,
        0.8943119645118713,
        0.9508436322212219,
        0.9918245673179626,
        0.9925731420516968,
        0.9409891963005066,
        0.9922349452972412,
        0.9478347897529602,
        0.9932357668876648,
        0.9943941831588745,
        0.9921090006828308,
        0.993515133857727,
        0.9937233328819275
      ]
    ]
  },
  "A2": {
    "alpha_min": 0.7088388800621033,
    "alpha_max": 0.9943941831588745,
    "alpha_mean": 0.9333068418006102,
    "frac_near_0": 0.0,
    "frac_near_1": 0.5833333333333334
  },
  "agg": [
    {
      "model": "B1",
      "d_model": 16,
      "d_state": 4,
      "params": 1250,
      "median_acc": 0.2939453125,
      "min_acc": 0.248046875,
      "max_acc": 0.36572265625
    },
    {
      "model": "B1",
      "d_model": 16,
      "d_state": 8,
      "params": 1386,
      "median_acc": 0.3564453125,
      "min_acc": 0.32373046875,
      "max_acc": 0.359375
    },
    {
      "model": "B1",
      "d_model": 16,
      "d_state": 16,
      "params": 1658,
      "median_acc": 0.40625,
      "min_acc": 0.39794921875,
      "max_acc": 0.4697265625
    },
    {
      "model": "B1",
      "d_model": 32,
      "d_state": 4,
      "params": 4018,
      "median_acc": 0.27392578125,
      "min_acc": 0.232421875,
      "max_acc": 0.310546875
    },
    {
      "model": "B1",
      "d_model": 32,
      "d_state": 8,
      "params": 4282,
      "median_acc": 0.41845703125,
      "min_acc": 0.37744140625,
      "max_acc": 0.42431640625
    },
    {
      "model": "B1",
      "d_model": 32,
      "d_state": 16,
      "params": 4810,
      "median_acc": 0.48291015625,
      "min_acc": 0.4658203125,
      "max_acc": 0.49267578125
    },
    {
      "model": "B1",
      "d_model": 48,
      "d_state": 4,
      "params": 8322,
      "median_acc": 0.341796875,
      "min_acc": 0.294921875,
      "max_acc": 0.3583984375
    },
    {
      "model": "B1",
      "d_model": 48,
      "d_state": 8,
      "params": 8714,
      "median_acc": 0.41357421875,
      "min_acc": 0.40234375,
      "max_acc": 0.44677734375
    },
    {
      "model": "B1",
      "d_model": 48,
      "d_state": 16,
      "params": 9498,
      "median_acc": 0.51220703125,
      "min_acc": 0.50439453125,
      "max_acc": 0.5322265625
    },
    {
      "model": "B1",
      "d_model": 64,
      "d_state": 4,
      "params": 14162,
      "median_acc": 0.28466796875,
      "min_acc": 0.27392578125,
      "max_acc": 0.28662109375
    },
    {
      "model": "B1",
      "d_model": 64,
      "d_state": 8,
      "params": 14682,
      "median_acc": 0.3876953125,
      "min_acc": 0.380859375,
      "max_acc": 0.4462890625
    },
    {
      "model": "B1",
      "d_model": 64,
      "d_state": 16,
      "params": 15722,
      "median_acc": 0.51953125,
      "min_acc": 0.46533203125,
      "max_acc": 0.5341796875
    },
    {
      "model": "B1",
      "d_model": 96,
      "d_state": 4,
      "params": 30450,
      "median_acc": 0.26123046875,
      "min_acc": 0.2470703125,
      "max_acc": 0.28857421875
    },
    {
      "model": "B1",
      "d_model": 96,
      "d_state": 8,
      "params": 31226,
      "median_acc": 0.41015625,
      "min_acc": 0.38037109375,
      "max_acc": 0.4306640625
    },
    {
      "model": "B1",
      "d_model": 96,
      "d_state": 16,
      "params": 32778,
      "median_acc": 0.484375,
      "min_acc": 0.45703125,
      "max_acc": 0.4951171875
    },
    {
      "model": "B1",
      "d_model": 128,
      "d_state": 4,
      "params": 52882,
      "median_acc": 0.24755859375,
      "min_acc": 0.24560546875,
      "max_acc": 0.26416015625
    },
    {
      "model": "B1",
      "d_model": 128,
      "d_state": 8,
      "params": 53914,
      "median_acc": 0.38232421875,
      "min_acc": 0.232421875,
      "max_acc": 0.38818359375
    },
    {
      "model": "B1",
      "d_model": 128,
      "d_state": 16,
      "params": 55978,
      "median_acc": 0.349609375,
      "min_acc": 0.2705078125,
      "max_acc": 0.49462890625
    },
    {
      "model": "B2",
      "d_model": 16,
      "d_state": 0,
      "params": 1962,
      "median_acc": 0.4091796875,
      "min_acc": 0.40869140625,
      "max_acc": 0.41015625
    },
    {
      "model": "B2",
      "d_model": 32,
      "d_state": 0,
      "params": 6986,
      "median_acc": 0.94580078125,
      "min_acc": 0.916015625,
      "max_acc": 0.9462890625
    },
    {
      "model": "B2",
      "d_model": 48,
      "d_state": 0,
      "params": 15082,
      "median_acc": 0.99560546875,
      "min_acc": 0.994140625,
      "max_acc": 0.99951171875
    },
    {
      "model": "B2",
      "d_model": 64,
      "d_state": 0,
      "params": 26250,
      "median_acc": 1.0,
      "min_acc": 1.0,
      "max_acc": 1.0
    },
    {
      "model": "B2",
      "d_model": 96,
      "d_state": 0,
      "params": 57802,
      "median_acc": 1.0,
      "min_acc": 1.0,
      "max_acc": 1.0
    },
    {
      "model": "B2",
      "d_model": 128,
      "d_state": 0,
      "params": 101642,
      "median_acc": 1.0,
      "min_acc": 1.0,
      "max_acc": 1.0
    },
    {
      "model": "rich",
      "d_model": 16,
      "d_state": 4,
      "params": 1006,
      "median_acc": 0.2890625,
      "min_acc": 0.27685546875,
      "max_acc": 0.3310546875
    },
    {
      "model": "rich",
      "d_model": 16,
      "d_state": 8,
      "params": 1138,
      "median_acc": 0.43994140625,
      "min_acc": 0.39599609375,
      "max_acc": 0.43994140625
    },
    {
      "model": "rich",
      "d_model": 16,
      "d_state": 16,
      "params": 1402,
      "median_acc": 0.52197265625,
      "min_acc": 0.33251953125,
      "max_acc": 0.5478515625
    },
    {
      "model": "rich",
      "d_model": 32,
      "d_state": 4,
      "params": 3022,
      "median_acc": 0.32421875,
      "min_acc": 0.31396484375,
      "max_acc": 0.36865234375
    },
    {
      "model": "rich",
      "d_model": 32,
      "d_state": 8,
      "params": 3282,
      "median_acc": 0.515625,
      "min_acc": 0.5107421875,
      "max_acc": 0.517578125
    },
    {
      "model": "rich",
      "d_model": 32,
      "d_state": 16,
      "params": 3802,